,BRK-B,ARKK,VTV,MTUM,QUAL,IWM,USMV,Project-1 multi-asset portfolio
2005-01-31,0.031169947238354468,,-0.012110919741063108,,,-0.029607949175425374,,-0.014200729900747232
2005-02-28,0.005413997352263823,,0.03269028136257362,,,0.014819729210594313,,0.013425432870009458
2005-03-31,-0.05483632413615947,,-0.019237098959250864,,,-0.030447739987573007,,-0.019948125575041564
2005-04-30,-0.022408120957694743,,-0.017952995431453577,,,-0.05866956178233696,,-0.001655999320056676
2005-05-31,0.0018888077625680145,,0.02251121854818479,,,0.06224780207706555,,0.02065200954440334
2005-06-30,-0.011730651010659985,,0.011444920350241552,,,0.038462508328351824,,0.00833038246297321
2005-07-31,-0.0029388679770710334,,0.023166690349346333,,,0.06337730896416267,,0.01812866812423182
2005-08-31,-0.005156702609653172,,-0.009011121450940959,,,-0.02303229157562636,,0.003835919095013576
2005-09-30,-0.019110401989523837,,0.01436815226468803,,,-0.0019524993348943726,,0.009614671564447966
2005-10-31,0.028057970304446712,,-0.02911289941056746,,,-0.042012836015024556,,-0.02414532936295096
2005-11-30,0.046633557282490405,,0.032168319359924584,,,0.05444174646230248,,0.031295152984621814
2005-12-31,-0.00979897461451231,,0.0036431505730426333,,,-0.01019982765096463,,0.013238697237205258
2006-01-31,-0.004692295961774292,,0.026760954592400292,,,0.08088207071617697,,0.03126880696515893
2006-02-28,-0.018406839653388227,,0.0054277286095921334,,,-0.00022048199493444843,,-0.0050097012717124495
2006-03-31,0.03923634745500063,,0.01211142453885831,,,0.04538825252420801,,0.0070087310054301275
2006-04-30,-0.023520330835057397,,0.02073682549538885,,,-0.0005729490953269656,,0.014305945983458294
2006-05-31,0.03533414831134338,,-0.028383824312659872,,,-0.06112388379797154,,-0.032696541624673975
2006-06-30,-0.012471822233867221,,0.005050276533231205,,,-0.004417909527378746,,-0.003114584488701052
2006-07-31,-0.0026855403293599665,,0.021257369677301522,,,-0.032579511176285436,,0.005958030458297795
2006-08-31,0.04716201409009233,,0.012493787171210951,,,0.025794890883459525,,0.01783547995252664
2006-09-30,-0.01330868043387225,,0.01742849736415573,,,0.0023157977406605785,,0.009180872201679385
2006-10-31,0.10333546878861931,,0.02729656884449781,,,0.05465017178735563,,0.02399243342363087
2006-11-30,0.007179735243741918,,0.0165006646894361,,,0.01993746231321512,,0.025790746562661875
2006-12-31,0.027223646530895266,,0.02107575629690728,,,-0.0002714693534824307,,-0.0037936921850065773
2007-01-31,-0.0039908513444935475,,0.0033678173438087136,,,0.012516692334516313,,0.009213499315115795
2007-02-28,-0.0432001288311967,,-0.01965266112385353,,,-0.010353251841154739,,-0.004104024607366226
2007-03-31,0.028910388840338114,,0.01260145152351219,,,0.005502544822784975,,0.0012020161600225492
2007-04-30,-0.007696778614053531,,0.03756522905006472,,,0.01183629149864203,,0.024384278812698404
2007-05-31,-0.0049268682554085745,,0.031684436545212115,,,0.039620746967455524,,0.006596317027410241
2007-06-30,-0.009517262425916325,,-0.024894097623630814,,,-0.018382233795279253,,-0.014897198589298274
2007-07-31,-0.004277345956859909,,-0.05115502472676958,,,-0.07396377919825836,,-0.010755106234278552
2007-08-31,0.0751562857297081,,0.01039855619621342,,,0.01707122321069286,,0.014248539586981562
2007-09-30,0.012738275258737367,,0.0323201143148276,,,0.01578297668599036,,0.03798619648483768
2007-10-31,0.11370280562679401,,-0.0016618038308483713,,,0.025286099267738928,,0.030381347998899334
2007-11-30,0.059128368246369536,,-0.05380484661383848,,,-0.07227785963533255,,-0.022766396752103166
2007-12-31,0.007108082505473825,,-0.018318184700647132,,,-0.009149489600847126,,-0.006130200495730285
2008-01-31,-0.04137366102999985,,-0.04939615184277991,,,-0.06744891568479851,,-0.02620253080606717
2008-02-29,0.02606261388757777,,-0.040351515270322026,,,-0.030620739448527643,,-0.008490049045669
2008-03-31,-0.04480620249632746,,-0.006180514386696832,,,-0.008358347970733392,,-0.001402687673170498
2008-04-30,-0.0053770142868218886,,0.040976642538081996,,,0.043740706044132625,,0.024221255474202976
2008-05-31,0.007399009428302319,,-0.007546603155069585,,,0.043998259546944384,,0.006207915049321746
2008-06-30,-0.10974803601182799,,-0.0969746716969437,,,-0.0769639580871417,,-0.047311580320609746
2008-07-31,-0.04711311229006715,,-0.0032876580013139743,,,0.035230303380390515,,-0.007185572544822381
2008-08-31,0.017765017622924564,,0.014993579135259418,,,0.03445441117511335,,-0.005264656629895313
2008-09-30,0.12484547020347098,,-0.07002173879421864,,,-0.07901505223177524,,-0.05968752996124388
2008-10-31,-0.12707984392984437,,-0.16314240248685438,,,-0.21035871495295486,,-0.12874144107895666
2008-11-30,-0.08910207583101296,,-0.06680001011722062,,,-0.11955558507055777,,-0.012197734768932633
2008-12-31,-0.08145190489008425,,0.014943313128555014,,,0.04805728964606493,,0.06876436899185401
2009-01-31,-0.07000622410480417,,-0.11103038970761692,,,-0.09666928667753838,,-0.06687432094669754
2009-02-28,-0.14228802565355225,,-0.13565607471709729,,,-0.11992919237643097,,-0.06409135573444837
2009-03-31,0.09964404969699633,,0.08194541380870743,,,0.0773761959473511,,0.0645275187755798
2009-04-30,0.08677938969174036,,0.11005944739717387,,,0.15376445625432766,,0.06371602444776835
2009-05-31,-0.030342587822204448,,0.07103007584466581,,,0.034006387362875534,,0.048058598583140544
2009-06-30,-0.025672013675664417,,-0.010863333755032466,,,0.018038794229909384,,-0.004401438165552063
2009-07-31,0.09813899553327364,,0.07954596709294458,,,0.09161066587025622,,0.05875214739726341
2009-08-31,0.033070894357893885,,0.05212501920032418,,,0.029232215209123103,,0.02806021311486261
2009-09-30,0.011159857730136603,,0.03212530399783907,,,0.055525942270193904,,0.03971706206550206
2009-10-31,-0.012037246966351778,,-0.026476345719251282,,,-0.06490694153669418,,-0.013824629315216441
2009-11-30,0.021321867474891176,,0.06063366360852185,,,0.03124426171933581,,0.054028796392793454
2009-12-31,-0.02008205169512235,,0.012089284568180803,,,0.07914818664080368,,-0.0046431207121402475
2010-01-31,0.162964073121453,,-0.024502505515260564,,,-0.03731612813858942,,-0.023490382960419165
2010-02-28,0.04841026996556996,,0.02619144288585673,,,0.044751380821490994,,0.02209099070921705
2010-03-31,0.014126874188490336,,0.061414103637027026,,,0.0822071421209578,,0.03718040522765763
2010-04-30,-0.052640873870341456,,0.017732251018313095,,,0.056684686553084326,,0.020552712923551198
2010-05-31,-0.083866194133015,,-0.07777170393239298,,,-0.07546647157410215,,-0.03742081193799453
2010-06-30,0.12945349389486194,,-0.0517856056613918,,,-0.07753397751570724,,-0.01206631726229469
2010-07-31,-0.019801338269861423,,0.0662081590086001,,,0.06720911462679345,,0.0455990617578501
2010-08-31,0.008348489625068501,,-0.042536856563139894,,,-0.07453866704032576,,-0.004497720360131752
2010-09-30,0.0494049706309949,,0.07562836510547542,,,0.12435247493878053,,0.06003859607952687
2010-10-31,-0.03783588213674295,,0.027209240976213234,,,0.041381851685513324,,0.024407123770300732
2010-11-30,0.0014083301943750182,,-0.006295902089487282,,,0.0347508799613203,,-0.008718719135757513
2010-12-31,0.005296590154730152,,0.07962549420582364,,,0.08023363926953529,,0.031668120339015435
2011-01-31,0.020371843429701764,,0.028402163307582374,,,-0.003806850000856465,,0.002084260553532269
2011-02-28,0.06754524500668911,,0.040191502047445024,,,0.05532024510789134,,0.02744398237885747
2011-03-31,-0.04191944978148522,,-0.00042792520457236573,,,0.025130555171663172,,0.0011985645762573216
2011-04-30,-0.003945883205761613,,0.02961910409065549,,,0.0263754198841486,,0.036832491115465604
2011-05-31,-0.050780350563796706,,-0.013698773596634517,,,-0.017942186108154123,,-0.0013320717799204518
2011-06-30,-0.021247000273932892,,-0.021217117904406058,,,-0.024045171392115483,,-0.015617656906879773
2011-07-31,-0.04160745892361195,,-0.03496844524652398,,,-0.034062080316124344,,0.012358147307527156
2011-08-31,-0.015874547631513646,,-0.05907579910437023,,,-0.08901312194215295,,-0.0061507417352055895
2011-09-30,-0.026849302527022667,,-0.06849510836901362,,,-0.11150333337046803,,-0.04548001581111116
2011-10-31,0.09600224671919388,,0.10265665016702052,,,0.15101058718669091,0.023659087394271028,0.07006933993262376
2011-11-30,0.01155922834348444,,-0.005589347291336755,,,-0.00378315026267817,0.0015407019282649426,-0.0045068751228439785
2011-12-31,-0.03123411652805197,,0.025363610319182994,,,0.005150707332625126,0.030731535811928,-0.0017465943862683408
2012-01-31,0.027129745898176072,,0.034673411111129315,,,0.07145703933779979,0.013099440791951356,0.04953082962365496
2012-02-29,0.0010207247525411134,,0.03885145368550291,,,0.0256899301201976,0.02105605679249689,0.019881536759874807
2012-03-31,0.03441688569367396,,0.028432190242666522,,,0.024847479804827488,0.025692779462245685,0.007570195587169426
2012-04-30,-0.008626057479660054,,-0.00918887720625916,,,-0.016182052614282627,0.013107054160863552,0.004638553189276751
2012-05-31,-0.013648743060759371,,-0.059242471943777866,,,-0.06589066095579212,-0.021778544869076277,-0.03768536541019986
2012-06-30,0.050025216610006806,,0.04774566354243892,,,0.05052049856233887,0.0363197685434804,0.029352135945572178
2012-07-31,0.018120658510212495,,0.011798910845910449,,,-0.015208513362730436,0.019350525728075718,0.014565497893046953
2012-08-31,-0.005993446741895625,,0.014740216984196353,,,0.035254292167260046,-0.0017946141047765595,0.019515694985789523
2012-09-30,0.04566714225700584,,0.028863997374460427,,,0.032509211003006064,0.0156948603598832,0.01512107098238057
2012-10-31,-0.021075040114873277,,-0.004016890264877626,,,-0.021792102637873245,-0.011200251018317797,-0.013576759090637613
2012-11-30,0.019934781557663362,,-0.007451717554211601,,,0.005412506099619063,0.0033017707127718124,0.008518878481768678
2012-12-31,0.018292314753748585,,0.021047776146374087,,,0.036088820364048355,-0.0086822635402224,0.0052862613092945375
2013-01-31,0.08060204685520089,,0.06360553439060745,,,0.06238111531094215,0.049931148628132416,0.017013427834558836
2013-02-28,0.05395649788989365,,0.013111577565530164,,,0.01004723006583541,0.02755001423046255,0.0009471290846747582
2013-03-31,0.019968610150798094,,0.040444182992141364,,,0.04659002943342205,0.04959884412874671,0.017647375841162605
2013-04-30,0.02034551639800064,,0.022127363010715273,0.018067472677578245,,-0.003494668564957837,0.027778257464252,0.018107088255264303
2013-05-31,0.07289315295565513,,0.0258287200283831,0.0030862897634749142,,0.03931993847981308,-0.02346327861099562,-0.01718784956884667
2013-06-30,-0.018848089170078963,,-0.010277266308218458,-0.00828627284813177,,-0.008180044930070185,-0.004151783935327669,-0.032194875365382125
2013-07-31,0.03529310795443452,,0.05383835748506338,0.059762932103357036,-0.0005976785822701114,0.07334173569406577,0.03684368066127486,0.03335866202294291
2013-08-31,-0.040131193714122104,,-0.03677220799454983,-0.03563568956543228,-0.020750207137762433,-0.031641822843877176,-0.032573123072519694,-0.014790711626386344
2013-09-30,0.020589829980159013,,0.022864811596611023,0.03012812145126298,0.038078606794071934,0.06489123244727901,0.02537300055640479,0.026422025426813267
2013-10-31,0.01391942711589289,,0.045851108163399656,0.055679620160413945,0.048641036473736854,0.024200296898566398,0.04724651027903559,0.029865744717243903
2013-11-30,0.012511968782921823,,0.03178550815434722,0.03146939723971354,0.04112699786783924,0.03956382195703312,0.013218720720533872,0.00044984032917216865
2013-12-31,0.01742039646925253,,0.020952634118115654,0.02677564285676648,0.022871672218533368,0.020211577266541214,0.012729916242074646,0.004065189495406685
2014-01-31,-0.058704446928087406,,-0.036915750137062275,-0.023154695499120526,-0.04193215864785482,-0.02773893733799926,-0.030422807347236347,-0.005010071566822205
2014-02-28,0.037455200379282294,,0.03969001617839463,0.06718954794520315,0.048938357470444505,0.04778855092788814,0.04386975411650207,0.0371571027601163
2014-03-31,0.07937469803333164,,0.02688558124453455,-0.03418808233451964,-0.004687890875423983,-0.007484686496476711,0.008469604121745578,-0.001477634576752651
2014-04-30,0.031047490156939528,,0.008578084684311538,-0.009943536617355697,0.007455945044954282,-0.03747641812102642,0.013314979610632882,0.010234298138340092
2014-05-31,-0.0039581664064126665,,0.013835782450222878,0.040676053234818044,0.02326005245624785,0.007858698941988651,0.011497092652363872,0.019195343498852102
2014-06-30,-0.013869400265608234,,0.019171733531271995,0.02072001885066177,0.005885323638315398,0.05272048287389719,0.0124429732367497,0.017764272863830533
2014-07-31,-0.008928549898990612,,-0.01198262583916787,-0.01043345182249511,-0.00756150650598153,-0.06054348650539165,-0.014239476700684817,-0.007984069278739181
2014-08-31,0.09423582608678793,,0.03438372985853744,0.04600661910101511,0.043463183147441686,0.04829559243967818,0.03979247769898864,0.0289402944245416
2014-09-30,0.006484512857183766,,-0.012784788837261307,-0.006659359802132392,-0.007717716226101623,-0.05927911655331697,-0.00783620117373185,-0.026335247983245935
2014-10-31,0.014622877380817245,,0.01797974793623469,0.022969332039620483,0.026673328817571784,0.0659348870755716,0.04246298093218348,0.018198470449077853
2014-11-30,0.06085900796535748,0.010304125020521138,0.024678864124294098,0.03752219159938286,0.02287573032464474,0.0011155318378042178,0.03564160456828058,0.01810203762974294
2014-12-31,0.009819029061173712,-0.02088380737616813,0.0035535391135679273,-0.008061068333745203,-0.005591033604195328,0.028929418861088907,0.0003792969285092429,-0.0027959402585754356
2015-01-31,-0.04155837820863928,0.003968187403285306,-0.040950999661720666,-0.006905429234992155,-0.017349146211212196,-0.03277032265089541,-0.004940508211766059,0.019372437456745883
2015-02-28,0.02432075540917733,0.06274695312655032,0.05306682972808208,0.054297714037052414,0.060159938104878075,0.059463932026799116,0.036494888463775244,0.013396231540619752
2015-03-31,-0.020961917516625905,-0.03138078397278288,-0.013269076604575658,-0.01052848428116182,-0.015698538205697332,0.017700102656263983,-0.007481996632429988,-0.007799501889886318
2015-04-30,-0.02154933794705849,0.005759545079527806,0.012783859449818857,-0.010384158796779674,0.001729471013334427,-0.02564946641872079,-0.005816349423297673,0.0038837495250800824
2015-05-31,0.012676107931641756,0.030589341932456993,0.011796885393710044,0.033634918244380474,0.01522294905829602,0.022363369723909177,0.010238760369795763,0.0013050736157780296
2015-06-30,-0.048181813913625304,-0.011391029575219869,-0.02228886818311826,-0.0034484725810077776,-0.01846364453302085,0.007829426939067519,-0.022313953075213777,-0.023997449525666514
2015-07-31,0.04871063737478365,0.007025768543050148,0.010076834572222415,0.037933718825467366,0.02879735637526748,-0.011039393258345576,0.04017852750916018,0.01367683630091121
2015-08-31,-0.06095006215652621,-0.06511638011882392,-0.05843230176481862,-0.0600132041739212,-0.05413729240361709,-0.0631099742111424,-0.045302874457726516,-0.03699816396624478
2015-09-30,-0.027156069620789314,-0.06517402948421835,-0.025373206955594974,-0.018894652657101108,-0.012962911651213549,-0.04936314899915217,-0.006221319970182271,-0.010460929890799275
2015-10-31,0.0430982410968348,0.05907403753765683,0.0764818005443999,0.07315651288021408,0.08651747057567172,0.0562271091653177,0.05986348890587867,0.05042242951485054
2015-11-30,-0.014189147727891371,0.06532666252024333,0.005446422651770311,0.0053275838923558805,0.004415458162682517,0.03259918873010337,-0.002144722397211307,-0.008881356122399708
2015-12-31,-0.01538826241886183,-0.013432347000129973,-0.011535318146181594,-0.0014443625792967096,-0.017270857266174177,-0.05040400435860583,0.004944199259566673,-0.011630840336997138
2016-01-31,-0.01729167774230923,-0.18191809914589596,-0.04769544964304319,-0.038167970471468485,-0.046251541470342064,-0.0858753314966867,-0.013968985383925669,-0.015733150166858622
2016-02-29,0.033706093485565726,0.02130527874075392,0.0008302832799315986,-0.012965501463813167,0.005807209691426985,-0.002433637708012326,0.010226994201382155,0.011225381007104551
2016-03-31,0.05726446164632779,0.11851345513539344,0.0667872796919595,0.05287250411148434,0.05887040829304955,0.0799343946877826,0.05911699832548332,0.0456903009808076
2016-04-30,0.02527348971548248,-0.013168557296246119,0.015071473660427815,-0.006392819731934296,-0.004062311413386988,0.016622624631738237,-0.0037416233672700303,0.004326324775566481
2016-05-31,-0.0340565753813883,0.03220926455804095,0.01054086200019232,0.024404556403046607,0.010610057319536226,0.022304037692884904,0.01566393896407269,0.0028529938403554114
2016-06-30,0.03004050236965037,-0.010461481079425817,0.011054219544365673,0.029312518630064878,0.00463971918332049,-0.0003739062581752604,0.04468473422432127,0.024777791206790557
2016-07-31,-0.0037913325352828763,0.06719244620126472,0.027921062543901677,0.026631849375700935,0.03025454697722394,0.058548718919815036,0.014515433026126767,0.03194536135298807
2016-08-31,0.04291361361684241,0.0009656124545929014,0.006552109325404821,-0.015114182399156318,-0.0024057929535039823,0.017640776859361364,-0.019820398426369866,-0.005316023679859638
2016-09-30,-0.04020268491407788,0.0757678393128993,-0.004888431065766551,0.004731378425587996,-0.0012213414356016194,0.010538650658060011,-0.006673414504316155,0.0033268710814568837
2016-10-31,-0.001376702204671587,-0.10222896556879504,-0.011118931032551039,-0.019587215726814898,-0.02064725621151122,-0.046170872866282874,-0.0277145694960206,-0.022568332228345443
2016-11-30,0.0909602849047446,0.009590333249809724,0.05986496679413132,-0.006031558473147858,0.03000114243290918,0.11053306820218765,0.006011057289735599,-0.01835643165235502
2016-12-31,0.03488796494045162,-0.003283739422008691,0.026984091433769973,0.010652432983889038,0.01965154814260158,0.028544445108449078,0.024028568611715616,0.00985874934177008
2017-01-31,0.006717460378686768,0.10139569405859734,0.00454587400620583,0.031105292173613196,0.011177249202592955,0.0024179516609039277,0.012205294429228975,0.023262139435103756
2017-02-28,0.04395237484079102,0.04640617940804388,0.03544018363452124,0.03755545635541142,0.04652406589192988,0.018900408767887632,0.04502425964040553,0.02614387321179352
2017-03-31,-0.027951414909551255,0.03580819172784807,-0.00948276609977442,0.020223325070107566,-0.0007501598480395329,-3.967643862438057e-05,0.0009298979741793837,0.004964302815439992
2017-04-30,-0.009319210622197593,0.050000833932286326,-0.0008142181123590993,0.025271756547752877,0.00568101989342823,0.010992679822562301,0.013540163280309547,0.014341906119843706
2017-05-31,-0.0001763448787282623,0.12574096971833554,2.9138274300666875e-05,0.04705289119762483,0.01428051353219122,-0.020303862554427465,0.019445368923327534,0.015983007290019047
2017-06-30,0.02414586379536592,0.02056398605309877,0.01741108361965431,0.002853368837419202,0.005048883409753447,0.03314422500639706,-0.004144972157960124,-0.0008942197485599207
2017-07-31,0.03236374366747078,0.022512326110719773,0.014730958695819675,0.034062278657170854,0.009519132158526324,0.007824518473669308,0.019532718187230604,0.01832907560543299
2017-08-31,0.03447750699103071,0.15168915317309695,-0.005591735560731436,0.013777038190449521,0.0037587337030603584,-0.013478730424916418,0.006712358413768394,0.013349270538577497
2017-09-30,0.011023181819636586,0.003376408429703116,0.02891747656477207,0.027188851563957016,0.025616813088056866,0.06214121050762879,0.004266417521923039,-0.0007127015958429009
2017-10-31,0.018846863258548018,0.03473932097697653,0.017432972626027065,0.04947578835594259,0.028267603559750342,0.006388652834035459,0.018568041610770202,0.012573001461320467
2017-11-30,0.03167026846130585,0.046792322305288535,0.03441901096669366,0.02716034857186003,0.03522458479767256,0.02861177476310819,0.02998676162053129,0.012883488260261445
2017-12-31,0.026093455583372626,0.008752116985791937,0.015618612757926432,0.00032517135842636906,0.0115812471107012,-0.004885445384649844,0.001489369572540323,0.01141639869447232
2018-01-31,0.08042559561391803,0.11108979219117941,0.04602179847784559,0.08112641861089474,0.04461758557286399,0.024480832268340625,0.03376199942781121,0.027067045656265488
2018-02-28,-0.034591966466252407,-0.009101925775489305,-0.04547268201378785,-0.015704471055065904,-0.03016943715602839,-0.039536494936792684,-0.043575161466484776,-0.031867123947018856
2018-03-31,-0.03845869369887913,-0.04617680126919512,-0.025817428437104238,-0.035727588767113926,-0.014168290736577126,0.01097477585656046,-0.0038237205032588747,-0.006265626491739694
2018-04-30,-0.03022494547399905,-0.0008879503785154551,0.002767389697889989,0.003604058692009483,-0.014457776411273703,0.008413915606206036,0.0007180676443366409,-0.004182196434651052
2018-05-31,-0.01275599544087329,0.11090484118034245,0.00468060723791759,0.03307612961216651,0.02555090920049559,0.060235484544447784,0.008592421984700517,0.012780384653521116
2018-06-30,-0.026879062882654667,0.033098634349061865,0.0006476445287662681,-0.0021148003627197588,-0.0014316420617316737,0.004744080782475747,0.015557058908316336,-0.003133105810847957
2018-07-31,0.05851251855130362,-0.011159888652190707,0.044918787403102116,0.015993407648679226,0.03554803727267047,0.01489015301200074,0.031319873148710146,0.013430021439161655
2018-08-31,0.05323401410653377,0.11400054477697301,0.017357929291800956,0.05707606959367389,0.0357194503099048,0.04150604112934291,0.02899556587691725,0.011551402531476285
2018-09-30,0.024324067449813136,-0.048984909820304734,0.004738208057097961,0.007686850520078727,0.009176383141811963,-0.024750023249439035,0.01093666677335753,-0.005962014792340096
2018-10-31,-0.043140492297807795,-0.10244929084028641,-0.05168341379399853,-0.10047165431899506,-0.07758904250646324,-0.11177846934725576,-0.042397550033481765,-0.04720190025554437
2018-11-30,0.061333314453108766,0.04211741518126135,0.03090914255387769,0.012370033250111125,0.0074183192322286005,0.015463625767988345,0.03054044936344427,0.013184516449370267
2018-12-31,-0.06632454391261099,-0.13834727539176606,-0.09332909484493511,-0.07704477661777386,-0.08661075544534878,-0.12162179596704713,-0.06878075953199723,-0.03280640880181761
2019-01-31,0.004560792727674947,0.15546938793480058,0.06742545582052982,0.062451247293558325,0.08036444590944879,0.11111931045558697,0.0543885508827111,0.05462451539707435
2019-02-28,-0.022428541271150435,0.07973308529653991,0.02683676546461158,0.03212691438605544,0.04176790523853182,0.04999086668104848,0.0364948281600719,0.0101321527276115
2019-03-31,-0.0039367792145735695,0.0017512383971145646,0.0037720468056807862,0.019271207855802622,0.023425777387974037,-0.022833101181302204,0.025237103526419183,0.020648759080618376
2019-04-30,0.07664960113636175,0.008385791662163236,0.03153397780765465,0.02045292783629148,0.0358443679167808,0.031866710855796614,0.019669049599795308,0.01634334493762667
2019-05-31,-0.09111300330995532,-0.13954179034473546,-0.06538089235545032,-0.024068292521709177,-0.06792519627932393,-0.08062647507613642,-0.018245242583287757,-0.024912533542046155
2019-06-30,0.07797915178847095,0.17620147592876692,0.06936254564453706,0.059408198896816276,0.0689301528249611,0.06804866656657851,0.048035180820711586,0.04884485341227498
2019-07-31,-0.0382090751965478,0.008104231865335721,0.006394430757043836,0.016059411639410173,0.011874921802702122,0.004916775450274371,0.014785455166201457,0.003138849999705386
2019-08-31,-0.011432980020886507,-0.08703127942359264,-0.03128538999003667,0.0010505971160606378,-0.01939369252265517,-0.05090995134878191,0.014333666012565516,0.016440038931274038
2019-09-30,0.020863588453640582,-0.034065413470631724,0.032782098557286,-0.013183611238826585,0.016715396424247488,0.018570549505850378,0.008037198173272999,0.0018613371406943874
2019-10-31,0.020420956950953084,0.02974274707123442,0.017492894844475082,0.004956945506113421,0.020578099230590674,0.025657646723068306,-0.003840191158902605,0.017781210798099967
2019-11-30,0.03511574538624016,0.13897634965986358,0.03317673584745249,0.03171136955193141,0.04337844057228266,0.03945599133596454,0.012717066236175169,0.009651785731398778
2019-12-31,0.026743426519996907,-0.0052600921478285646,0.025024954372909816,0.015565486667307683,0.026959613768465854,0.026465276969203824,0.016332570881171307,0.017680697839703566
2020-01-31,-0.010439105184188256,0.033665043773714785,-0.02633117091606788,0.036132348432233195,-0.00813166512712363,-0.032325611381443554,0.022175890970912073,0.014853613147266822
2020-02-29,-0.08180418361294531,0.018877275821160035,-0.0983331417349779,-0.0730562697639078,-0.08454176681006889,-0.08965698786197154,-0.08862901431532769,-0.033527122754511994
2020-03-31,-0.11513813571818235,-0.1684975471090994,-0.14947673347034654,-0.1165344575877916,-0.11509997678292164,-0.21597074101542504,-0.11421079528077674,-0.060896824042683616
2020-04-30,0.024777108428204242,0.2575000544032171,0.10666962934624635,0.11701702352744481,0.12277910136458137,0.13847624845828443,0.09368626269226499,0.07961700502565616
2020-05-31,-0.009600420439252143,0.13526958774603992,0.028714861148948268,0.058585215532173315,0.056060054918992894,0.06581966971946239,0.043069138068997134,0.03182331766476752
2020-06-30,-0.03819681676075816,0.13504798166730958,-0.01019199497279134,0.04314415397011938,0.001774241438247326,0.03419939810334703,-0.011210323467746097,0.024948935063398448
2020-07-31,0.09664530728754016,0.12695099743965166,0.03725321181733142,0.07005236864639917,0.04942059089666338,0.029093656026152093,0.045587073224892624,0.051067126541124205
2020-08-31,0.11359902260511133,0.18603907267819708,0.04171590784900546,0.09470012142551341,0.06854014236220006,0.05466422748296339,0.027186900476077403,0.029909595210931162
2020-09-30,-0.023490162363625788,-0.035031288971217336,-0.022256220089230127,-0.03812491904799144,-0.03161034437133205,-0.032713152000202986,-0.016751153049664246,-0.023530110146965277
2020-10-31,-0.051945629841014376,-0.013252086829470777,-0.018280148100861215,-0.04195926508313842,-0.02603053596726158,0.021930692520703222,-0.03258100306197699,-0.020649555336703995
2020-11-30,0.13367915097646477,0.23759130100524706,0.12747028693845963,0.10618050972312675,0.11281457329566667,0.18234185649251344,0.08082766054412359,0.06503732218600054
2020-12-31,0.012830808648482506,0.1254828243920405,0.03500644075037028,0.0342706972975859,0.03695871228782231,0.08636460535038369,0.02297847268666441,0.03133263625748127
2021-01-31,-0.017251046207933718,0.10402444307522485,-0.007901827419067753,0.015934258475245544,-0.02831080209261716,0.04845448839149058,-0.027254120177254815,-0.01093096976149277
2021-02-28,0.055470222760781285,-0.05151343792009366,0.04999170321780344,-0.005858755668749049,0.03196949053435261,0.06202572592196676,-0.0037858625741983287,-0.004235848402300069
2021-03-31,0.062201185212874766,-0.07985574611697455,0.06666588105007176,-0.011940440157674037,0.04979664251463456,0.01395036029014296,0.05608365314122832,0.00939497896913477
2021-04-30,0.07625165731102479,0.006836158900844991,0.03438287315982724,0.07055823512479042,0.04803748615657444,0.017878062078458656,0.03989014870157237,0.037388592105451535
2021-05-31,0.05270045314078553,-0.07178931314712544,0.029195441276591128,-0.010568511375210643,0.010107386409634822,0.0027123359035696737,0.008755770843720478,0.014091090560358399
2021-06-30,-0.03980095673197037,0.1666370059483806,-0.012431981570480866,0.018595149894702123,0.033647242043687076,0.01868993002860475,0.017162576880095815,0.0133823564020219
2021-07-31,0.001331300731545637,-0.08242853321613697,0.010112242324528564,0.009225619714498645,0.033792578317937805,-0.03627316466736885,0.035456967705790765,0.020084892782340047
2021-08-31,0.02687836515532882,0.016916606882124707,0.02088589778504546,0.04119280906440537,0.028319402474323185,0.02203105460432475,0.018761585893438237,0.015384962470603947
2021-09-30,-0.044896199970290596,-0.09423909555140642,-0.039423739877559094,-0.03467221997864778,-0.0645482964572357,-0.028803443923785976,-0.049870312285628215,-0.03667048693592001
2021-10-31,0.05154981753632537,0.097258680501219,0.05444347643076042,0.08587674115631794,0.0771274829914319,0.042514399477492804,0.05510189450068226,0.03964034520347082
2021-11-30,-0.03595695959400924,-0.12854551286130456,-0.030405150086084243,-0.039490123411074385,-0.006061176083107078,-0.04332390094716643,-0.02050285684389308,-0.0040947872846328615
2021-12-31,0.08053174441338261,-0.09773578810292395,0.06945027298462024,-0.004939904749280089,0.034941265840483945,0.022615059049640552,0.06832862015858686,0.025600771636359754
2022-01-31,0.04688959536345094,-0.20255837128810017,-0.010740590001381278,-0.0903091378198504,-0.06952476719024714,-0.09534730555823445,-0.0598270267304315,-0.04263894969023452
2022-02-28,0.026931261546338625,-0.06575632058332703,-0.011544023168134299,-0.026783508432315473,-0.04105114346853245,0.010335760217677459,-0.030633475502027552,-0.017288147322226832
2022-03-31,0.09786900065449644,-0.05931607317661325,0.03282173159552415,0.04773207649448352,0.03958374838069578,0.01157560058112983,0.05581076894071546,0.007095178483214726
2022-04-30,-0.08523424322832063,-0.28903298042602077,-0.04790922776288098,-0.12681992611165083,-0.08281931191106295,-0.09899191353891035,-0.053371151961612684,-0.07271093785031324
2022-05-31,-0.021518523281152037,-0.0648024730136191,0.023793753950530815,-0.006288908676103799,-0.0020007024810167248,0.0016465672557763548,0.00010850712176765394,-0.003604580845268301
2022-06-30,-0.13655803683453543,-0.0960864781041559,-0.07945905567978646,-0.06450008991951169,-0.09109338337900437,-0.08426347676281139,-0.04191819656757696,-0.05487366633138287
2022-07-31,0.10021830708249904,0.1308449130131956,0.04977616020986333,0.05089764939949606,0.09129697404059392,0.10483300647481189,0.05047463108906038,0.054984305883667116
2022-08-31,-0.06776832304896384,-0.0739141382510947,-0.02867738852167677,-0.021841658936325378,-0.05328498984227646,-0.021926684628024037,-0.03346744077979301,-0.04413842286536483
2022-09-30,-0.05097407186020529,-0.10099275427729114,-0.08001710005972483,-0.06144933172867016,-0.09947234860608754,-0.09850443352677972,-0.0726461592526617,-0.08254828267181712
2022-10-31,0.10282324349912783,0.012277289494996704,0.11504695118112893,0.12317639274847877,0.08063235607316496,0.10932995038817458,0.0747046364872068,0.022194692326497702
2022-11-30,0.07677064304919758,-0.02379857438924836,0.057040514057005734,0.03177926976064262,0.0742144751543813,0.01913668974488382,0.054270824923973296,0.06809880477460618
2022-12-31,-0.033745737668566284,-0.16978881171235996,-0.03632052824724133,-0.04257041529184438,-0.05952913754784386,-0.0684411941059391,-0.04082205104017425,-0.03791544123416782
2023-01-31,0.004981693651523392,0.2746690606909649,0.024354880823304885,-0.008982107049288653,0.06801631845975546,0.09468748899289452,0.011756557729345855,0.06647989880152931
2023-02-28,-0.02375181228005356,-0.011163632909719376,-0.03576752524477593,-0.04377755283357758,-0.03091618884650575,-0.020634032829657298,-0.038372922517191974,-0.0381221374086113
2023-03-31,0.008163537663180391,0.0145726780620608,-0.008218277829834815,0.0007289213720836274,0.044405420473697936,-0.05207337644719585,0.030863513165188254,0.04183628263037647
2023-04-30,0.06056062597754946,-0.11306873497843979,0.014239565994956287,0.0204501433461221,0.013587296852310242,-0.021437334088611877,0.011347434392560078,0.007560487890115145
2023-05-31,-0.02633626996878819,0.12362721788002355,-0.04479234669471994,-0.051854536012168446,0.0036112301468640895,-0.011761953541430455,-0.0358406793881419,-0.008853658116077474
2023-06-30,0.05804065734645558,0.08614573042958007,0.05733783832953687,0.0647630644481687,0.06029091782322471,0.0766732464590556,0.04051113792826322,0.02755823903861732
2023-07-31,0.027640737404921404,0.13845427043779307,0.03005315324601682,0.01283087299007252,0.0333143585927353,0.05658821994072078,0.009357031236427674,0.014633028246900218
2023-08-31,0.018911810864886417,-0.13730481484062468,-0.028307911395044013,-0.001433347810099679,-0.00885824114265615,-0.055327811816754995,-0.010869461324674864,-0.025735620410255174
2023-09-30,-0.031784797552900784,-0.08999508392999692,-0.037109230874031424,-0.052487930784303166,-0.05498021421271673,-0.06283597781539765,-0.032617493981581785,-0.05151165890755441
2023-10-31,-0.03030662727172137,-0.12040447566805743,-0.03109010379352159,-0.02094901677355307,-0.0194963158152279,-0.07384126862543813,-0.013403910189597829,-0.021713782263451414
2023-11-30,0.050297841274433444,0.31002412210858327,0.06239578962852495,0.08786496647645388,0.08209125828174742,0.08762534135786045,0.05971129065385679,0.07509745762947735
2023-12-31,-0.01357776760525123,0.1314622693270546,0.04659985393553609,0.04326040410519824,0.04259018237536469,0.11696188964836882,0.02337076693749604,0.04502294944453908
2024-01-31,0.07122661440647729,-0.13760050079101913,0.003995473899335549,0.05113528052382835,0.018135422257112427,-0.04371164927288204,0.016958528668508138,-0.0070360805269007185
2024-02-29,0.06266820324990639,0.12440603770560664,0.029155740580558902,0.0957698752414302,0.060783407422057435,0.05205269791533016,0.01674835848322152,0.016713235173006363
2024-03-31,0.02286168852703782,-0.02712923256478675,0.04738943914071855,0.024801563033565815,0.02342968253367614,0.030569457588865062,0.027075510450395662,0.023840833981206372
2024-04-30,-0.061272763837322025,-0.1368885484132901,-0.043813324736940634,-0.05935710488441823,-0.0496651711935083,-0.0731735827178975,-0.042149264797418734,-0.03817465421286079
2024-05-31,0.04013906289122411,-0.027639722568103917,0.025569977266804503,0.04918262958538851,0.05153816665454376,0.04598302259501681,0.024810812912880967,0.03366826701899024
2024-06-30,-0.022439783338447445,0.03123568841086009,-0.002569043864036798,0.04130056225664278,0.028297658210140058,-0.015343979614929521,0.013587575664588996,0.017249341129876732
2024-07-31,0.07342530274893816,0.03144989735904042,0.04287825442849664,-0.0245131428072452,0.001473385341920601,0.09885658479440823,0.03218431866300548,0.019267830175694726
2024-08-31,0.08053640462425174,-0.02039409408101031,0.024008035052282134,0.02871314129247096,0.030128330639277806,-0.02168543558823352,0.044372717601449146,0.017501238732913565
2024-09-30,-0.03690469663026108,0.05646405852130365,0.011304364847432028,0.025540659469114328,0.0076173037562417036,0.0031052749793851787,0.0003704687989600809,0.02070487692097212
2024-10-31,-0.024192869551379878,-0.0384045115036442,-0.017705437486855366,-0.005626249777561639,-0.019962579581561432,-0.018069953041205608,-0.01835623041671129,-0.02374608121379028
2024-11-30,0.06718773758105057,0.259456097480687,0.05240104859749861,0.06571006288711256,0.04627780919962521,0.10671813181676426,0.046672297908949556,0.021108651715010755
2024-12-31,-0.06527093062567464,-0.024569249638251543,-0.06742708751249378,-0.044717665872453814,-0.039739819158535826,-0.08743888579159183,-0.060300469143974654,-0.03088060210997342
2025-01-31,0.030252556234299934,0.1037510908038382,0.040009417446303076,0.05530834547442324,0.025949795914111763,0.021281806334691157,0.03188965675051562,0.02192338547011178
2025-02-28,0.0930577834472924,-0.11829919938076552,0.004792737257128224,-0.006494513175975633,-0.01306219557215019,-0.055534189499552605,0.025193644140592077,0.008505512403503248
2025-03-31,0.03309066690613645,-0.14825977079455657,-0.02798788324651362,-0.07563079407733923,-0.06008951939732603,-0.071941042232931,-0.009558616990790789,-0.020002636925496572
2025-04-30,-0.0022420051660643836,0.06501614535679716,-0.03973943884184989,0.03360477996212612,-0.012394725602782937,-0.026709149868905886,-0.015458231967472598,0.005790504020407975
2025-05-31,-0.058727348419919306,0.10497259564711839,0.02569294422242543,0.1007174725777216,0.04160357957616315,0.04859657828885891,0.006682031834611716,0.026639528762257416
2025-06-30,-0.03949413991155608,0.24353990149730084,0.03347307789459471,0.03664749566067378,0.03138355939278699,0.05178439327179525,0.003969987522712895,0.03130419000728464
2025-07-31,-0.03199374692755723,0.06830295703345109,-0.001702559979989734,0.0006361958266044164,0.0037106562867395697,0.013282862221423455,-0.01682299713204953,0.0016457593890069765
2025-08-31,0.062106598672767827,-0.008711758098876783,0.0311074470346582,0.006312340086442462,0.022432973075579923,0.06812675435517448,0.014016731081538029,0.01910091375733305
2025-09-30,-0.0037771973969351917,0.1479807378039862,0.01971805567588344,0.051390780578634526,0.02860082082739165,0.02849116686075134,0.009944105158959795,0.03542487560434168
2025-10-31,-0.05382527783537768,0.027354463619989423,-0.007614438344458926,-0.01239570155797439,0.005554556513230483,0.013947436687995732,-0.024301238846608807,0.016776525668448485
2025-11-30,0.0729517283676141,-0.10751789953807767,0.022409134947034896,-0.01861636789006593,0.0060677791107389715,0.007234354908225107,0.02007371306824968,0.004873468630749558
2025-12-31,-0.025120098314818692,-0.038038580894322147,0.0044722878316273,-0.00045030615884959725,0.0024035492302150884,-0.010493517498414248,-0.011581104601300393,-0.003022252910546738
2026-01-31,-0.04700675497022533,-0.029651007165402584,0.04286623287242641,0.01929234663230817,0.01613204422279935,0.05180174866737619,0.005814663465756656,0.025235531496775047
2026-02-28,0.04801891555109786,-0.028978696575006044,0.03479694547926973,-0.014250244848115854,0.00925415032819479,0.0039783915739427765,0.026887392426798187,0.020591567444271288
2026-03-31,-0.05389514680166517,-0.07586676802916568,-0.05102993633624807,-0.053322484661551636,-0.06460143685470886,-0.05251117238877932,-0.05083298536863755,-0.057488983702724136
2026-04-30,-0.014586156011816329,0.11915948286721657,0.05102454043805195,0.18039935633381454,0.07759631457855266,0.11794682419648907,0.01758738823121643,0.05656529974911874
2026-05-31,-0.0012418816058462705,0.07746435792968175,0.021418886976397926,0.10898530693515861,0.036658772665770216,0.04172490861581989,0.017610082857637425,0.028003966555603214
2026-06-30,0.05170715533252669,-0.016688862666238244,0.030872445797239925,0.08385702391457807,0.017199209624364845,0.034060756804763406,-0.0012206317093127333,-0.014361065727760289
2026-07-31,0.018982606706926388,-0.12183503918867436,0.005969051256593386,-0.12942662814797393,-0.0038012320796322633,-0.03408715135357057,0.011939490303289304,-0.016620808902110738
